{
  "suite": "bfcl_fc_core",
  "status": "completed",
  "track": "fc_core",
  "paper_safe_for_claim": false,
  "official_bfcl_eval": {
    "a0_baseline": {
      "num_rows": 4291.0,
      "official_bfcl_eval_success": 0.02913073875553484,
      "official_bfcl_eval_tool_selection_correctness": 0.4265478132525441,
      "official_bfcl_eval_argument_correctness": 0.02913073875553484,
      "official_bfcl_eval_structure_correctness": 0.38732230249359123
    },
    "a1_recovery": {
      "num_rows": 4291.0,
      "official_bfcl_eval_success": 0.027965509205313446,
      "official_bfcl_eval_tool_selection_correctness": 0.4265478132525441,
      "official_bfcl_eval_argument_correctness": 0.027965509205313446,
      "official_bfcl_eval_structure_correctness": 0.38732230249359123
    },
    "a2_planner": {
      "num_rows": 4291.0,
      "official_bfcl_eval_success": 0.022605453274295036,
      "official_bfcl_eval_tool_selection_correctness": 0.34067816359822883,
      "official_bfcl_eval_argument_correctness": 0.022605453274295036,
      "official_bfcl_eval_structure_correctness": 0.3020274994173852
    },
    "a3_interaction": {
      "num_rows": 4291.0,
      "official_bfcl_eval_success": 0.022139361454206478,
      "official_bfcl_eval_tool_selection_correctness": 0.34085294803076205,
      "official_bfcl_eval_argument_correctness": 0.022139361454206478,
      "official_bfcl_eval_structure_correctness": 0.30179445350734097
    },
    "a4_reuse": {
      "num_rows": 4291.0,
      "official_bfcl_eval_success": 0.022139361454206478,
      "official_bfcl_eval_tool_selection_correctness": 0.34085294803076205,
      "official_bfcl_eval_argument_correctness": 0.022139361454206478,
      "official_bfcl_eval_structure_correctness": 0.30179445350734097
    }
  },
  "toolclaw_diagnostics": {
    "a0_baseline": {
      "num_rows": 4291.0,
      "toolclaw_diagnostics_binder_selection_match": 0.7135013113456367,
      "toolclaw_diagnostics_tool_sequence_match": 0.3835935679328828,
      "toolclaw_diagnostics_parameter_fill_ratio": 0.38047455276539405,
      "toolclaw_diagnostics_policy_format_compliance": 0.9990678163598229,
      "toolclaw_diagnostics_repair_overhead": 0.0
    },
    "a1_recovery": {
      "num_rows": 4291.0,
      "toolclaw_diagnostics_binder_selection_match": 0.7135013113456367,
      "toolclaw_diagnostics_tool_sequence_match": 0.3835935679328828,
      "toolclaw_diagnostics_parameter_fill_ratio": 0.38047455276539405,
      "toolclaw_diagnostics_policy_format_compliance": 0.9990678163598229,
      "toolclaw_diagnostics_repair_overhead": 0.0
    },
    "a2_planner": {
      "num_rows": 4291.0,
      "toolclaw_diagnostics_binder_selection_match": 0.6170206745014483,
      "toolclaw_diagnostics_tool_sequence_match": 0.2975996271265439,
      "toolclaw_diagnostics_parameter_fill_ratio": 0.3418301182750029,
      "toolclaw_diagnostics_policy_format_compliance": 0.9990678163598229,
      "toolclaw_diagnostics_repair_overhead": 0.0
    },
    "a3_interaction": {
      "num_rows": 4291.0,
      "toolclaw_diagnostics_binder_selection_match": 0.6171954589339814,
      "toolclaw_diagnostics_tool_sequence_match": 0.29736658121649967,
      "toolclaw_diagnostics_parameter_fill_ratio": 0.34136402645491437,
      "toolclaw_diagnostics_policy_format_compliance": 0.9990678163598229,
      "toolclaw_diagnostics_repair_overhead": 0.0
    },
    "a4_reuse": {
      "num_rows": 4291.0,
      "toolclaw_diagnostics_binder_selection_match": 0.6171954589339814,
      "toolclaw_diagnostics_tool_sequence_match": 0.29736658121649967,
      "toolclaw_diagnostics_parameter_fill_ratio": 0.34136402645491437,
      "toolclaw_diagnostics_policy_format_compliance": 0.9990678163598229,
      "toolclaw_diagnostics_repair_overhead": 0.0
    }
  },
  "unsupported_strata": [
    {
      "stratum": "multi_turn_base",
      "reason": "missing_multi_turn_dependency:mpmath",
      "paper_safe": false
    },
    {
      "stratum": "multi_turn_long_context",
      "reason": "missing_multi_turn_dependency:mpmath",
      "paper_safe": false
    },
    {
      "stratum": "multi_turn_miss_func",
      "reason": "missing_multi_turn_dependency:mpmath",
      "paper_safe": false
    },
    {
      "stratum": "multi_turn_miss_param",
      "reason": "missing_multi_turn_dependency:mpmath",
      "paper_safe": false
    }
  ],
  "claims": [
    {
      "claim_id": "planner_binding_headline",
      "paper_safe_for_claim": false,
      "metric_snapshot": {
        "a0_baseline": {
          "num_rows": 4291.0,
          "official_bfcl_eval_success": 0.02913073875553484,
          "official_bfcl_eval_tool_selection_correctness": 0.4265478132525441,
          "official_bfcl_eval_argument_correctness": 0.02913073875553484,
          "official_bfcl_eval_structure_correctness": 0.38732230249359123
        },
        "a1_recovery": {
          "num_rows": 4291.0,
          "official_bfcl_eval_success": 0.027965509205313446,
          "official_bfcl_eval_tool_selection_correctness": 0.4265478132525441,
          "official_bfcl_eval_argument_correctness": 0.027965509205313446,
          "official_bfcl_eval_structure_correctness": 0.38732230249359123
        },
        "a2_planner": {
          "num_rows": 4291.0,
          "official_bfcl_eval_success": 0.022605453274295036,
          "official_bfcl_eval_tool_selection_correctness": 0.34067816359822883,
          "official_bfcl_eval_argument_correctness": 0.022605453274295036,
          "official_bfcl_eval_structure_correctness": 0.3020274994173852
        },
        "a3_interaction": {
          "num_rows": 4291.0,
          "official_bfcl_eval_success": 0.022139361454206478,
          "official_bfcl_eval_tool_selection_correctness": 0.34085294803076205,
          "official_bfcl_eval_argument_correctness": 0.022139361454206478,
          "official_bfcl_eval_structure_correctness": 0.30179445350734097
        },
        "a4_reuse": {
          "num_rows": 4291.0,
          "official_bfcl_eval_success": 0.022139361454206478,
          "official_bfcl_eval_tool_selection_correctness": 0.34085294803076205,
          "official_bfcl_eval_argument_correctness": 0.022139361454206478,
          "official_bfcl_eval_structure_correctness": 0.30179445350734097
        }
      },
      "interpretation": "BFCL fc_core is paper-safe only when the official evaluator covers all included strata."
    }
  ]
}