{
  "benchmark": "bfcl",
  "track": "fc_core",
  "namespace": "official_bfcl_eval",
  "per_system": {
    "a0_baseline": {
      "num_rows": 4291.0,
      "official_bfcl_eval_success": 0.3087858308086693,
      "official_bfcl_eval_tool_selection_correctness": 0.4846073176415754,
      "official_bfcl_eval_argument_correctness": 0.3087858308086693,
      "official_bfcl_eval_structure_correctness": 0.4702866464693545
    },
    "a1_recovery": {
      "num_rows": 4291.0,
      "official_bfcl_eval_success": 0.3087858308086693,
      "official_bfcl_eval_tool_selection_correctness": 0.48608327507185584,
      "official_bfcl_eval_argument_correctness": 0.3087858308086693,
      "official_bfcl_eval_structure_correctness": 0.47145187601957583
    },
    "a2_planner": {
      "num_rows": 4291.0,
      "official_bfcl_eval_success": 0.30319272896760663,
      "official_bfcl_eval_tool_selection_correctness": 0.4857919676843005,
      "official_bfcl_eval_argument_correctness": 0.30319272896760663,
      "official_bfcl_eval_structure_correctness": 0.47145187601957583
    },
    "a3_interaction": {
      "num_rows": 4291.0,
      "official_bfcl_eval_success": 0.30389186669773943,
      "official_bfcl_eval_tool_selection_correctness": 0.6989396411092985,
      "official_bfcl_eval_argument_correctness": 0.30389186669773943,
      "official_bfcl_eval_structure_correctness": 0.6611512467956188
    },
    "a4_reuse": {
      "num_rows": 4291.0,
      "official_bfcl_eval_success": 0.30389186669773943,
      "official_bfcl_eval_tool_selection_correctness": 0.6989396411092985,
      "official_bfcl_eval_argument_correctness": 0.30389186669773943,
      "official_bfcl_eval_structure_correctness": 0.6611512467956188
    }
  },
  "unsupported_strata": []
}