{
  "benchmark": "bfcl",
  "track": "fc_core",
  "namespace": "official_bfcl_eval",
  "per_system": {
    "a0_baseline": {
      "num_rows": 4291.0,
      "official_bfcl_eval_success": 0.3099510603588907,
      "official_bfcl_eval_tool_selection_correctness": 0.5113978870504156,
      "official_bfcl_eval_argument_correctness": 0.3099510603588907,
      "official_bfcl_eval_structure_correctness": 0.49662083430435794
    },
    "a1_recovery": {
      "num_rows": 4291.0,
      "official_bfcl_eval_success": 0.3099510603588907,
      "official_bfcl_eval_tool_selection_correctness": 0.5129126854657035,
      "official_bfcl_eval_argument_correctness": 0.3099510603588907,
      "official_bfcl_eval_structure_correctness": 0.49801910976462366
    },
    "a2_planner": {
      "num_rows": 4291.0,
      "official_bfcl_eval_success": 0.304357958517828,
      "official_bfcl_eval_tool_selection_correctness": 0.5125048551231259,
      "official_bfcl_eval_argument_correctness": 0.304357958517828,
      "official_bfcl_eval_structure_correctness": 0.49778606385457935
    },
    "a3_interaction": {
      "num_rows": 4291.0,
      "official_bfcl_eval_success": 0.30505709624796085,
      "official_bfcl_eval_tool_selection_correctness": 0.7169909888914783,
      "official_bfcl_eval_argument_correctness": 0.30505709624796085,
      "official_bfcl_eval_structure_correctness": 0.6786296900489397
    },
    "a4_reuse": {
      "num_rows": 4291.0,
      "official_bfcl_eval_success": 0.30505709624796085,
      "official_bfcl_eval_tool_selection_correctness": 0.7169909888914783,
      "official_bfcl_eval_argument_correctness": 0.30505709624796085,
      "official_bfcl_eval_structure_correctness": 0.6786296900489397
    }
  },
  "unsupported_strata": []
}