{
  "benchmark": "bfcl",
  "track": "fc_core",
  "namespace": "official_bfcl_eval",
  "per_system": {
    "a0_baseline": {
      "num_rows": 4291.0,
      "official_bfcl_eval_success": 0.30855278489862503,
      "official_bfcl_eval_tool_selection_correctness": 0.483694554493902,
      "official_bfcl_eval_argument_correctness": 0.30855278489862503,
      "official_bfcl_eval_structure_correctness": 0.4688883710090888
    },
    "a1_recovery": {
      "num_rows": 4291.0,
      "official_bfcl_eval_success": 0.30855278489862503,
      "official_bfcl_eval_tool_selection_correctness": 0.4851705119241824,
      "official_bfcl_eval_argument_correctness": 0.30855278489862503,
      "official_bfcl_eval_structure_correctness": 0.47005360055931017
    },
    "a2_planner": {
      "num_rows": 4291.0,
      "official_bfcl_eval_success": 0.3029596830575623,
      "official_bfcl_eval_tool_selection_correctness": 0.4848403635516197,
      "official_bfcl_eval_argument_correctness": 0.3029596830575623,
      "official_bfcl_eval_structure_correctness": 0.4698205546492659
    },
    "a3_interaction": {
      "num_rows": 4291.0,
      "official_bfcl_eval_success": 0.3036588207876952,
      "official_bfcl_eval_tool_selection_correctness": 0.6948807581760273,
      "official_bfcl_eval_argument_correctness": 0.3036588207876952,
      "official_bfcl_eval_structure_correctness": 0.655558144954556
    },
    "a4_reuse": {
      "num_rows": 4291.0,
      "official_bfcl_eval_success": 0.3036588207876952,
      "official_bfcl_eval_tool_selection_correctness": 0.6948807581760273,
      "official_bfcl_eval_argument_correctness": 0.3036588207876952,
      "official_bfcl_eval_structure_correctness": 0.655558144954556
    }
  },
  "unsupported_strata": []
}